{
  "project_info": {
    "project_number": "726006548669",
    "firebase_url": "https://cfairy-ca484.firebaseio.com",
    "project_id": "cfairy-ca484",
    "storage_bucket": "cfairy-ca484.appspot.com"
  },
  "client": [
    {
      "client_info": {
        "mobilesdk_app_id": "1:726006548669:android:5c78f20ed9ae81af4bcfd4",
        "android_client_info": {
          "package_name": "com.example.app"
        }
      },
      "oauth_client": [
        {
          "client_id": "726006548669-pmsa404fb5ag94heud7ljggqs3v4fsli.apps.googleusercontent.com",
          "client_type": 3
        }
      ],
      "api_key": [
        {
          "current_key": "AIzaSyAcBzcPlUKmmDeKKvC3fM3zgH15Zdp20dQ"
        }
      ],
      "services": {
        "appinvite_service": {
          "other_platform_oauth_client": [
            {
              "client_id": "726006548669-pmsa404fb5ag94heud7ljggqs3v4fsli.apps.googleusercontent.com",
              "client_type": 3
            }
          ]
        }
      }
    },
    {
      "client_info": {
        "mobilesdk_app_id": "1:726006548669:android:83c69638357e9e9e4bcfd4",
        "android_client_info": {
          "package_name": "com.example.causefairy"
        }
      },
      "oauth_client": [
        {
          "client_id": "726006548669-tdlqiqcponsb0bt860dmulh7ar6dtteb.apps.googleusercontent.com",
          "client_type": 1,
          "android_info": {
            "package_name": "com.example.causefairy",
            "certificate_hash": "952f243d2cbd6cea05b24d9b4173c850fcd34bf9"
          }
        },
        {
          "client_id": "726006548669-pmsa404fb5ag94heud7ljggqs3v4fsli.apps.googleusercontent.com",
          "client_type": 3
        }
      ],
      "api_key": [
        {
          "current_key": "AIzaSyAcBzcPlUKmmDeKKvC3fM3zgH15Zdp20dQ"
        }
      ],
      "services": {
        "appinvite_service": {
          "other_platform_oauth_client": [
            {
              "client_id": "726006548669-pmsa404fb5ag94heud7ljggqs3v4fsli.apps.googleusercontent.com",
              "client_type": 3
            }
          ]
        }
      }
    },
    {
      "client_info": {
        "mobilesdk_app_id": "1:726006548669:android:17b7f1e18c6b8a904bcfd4",
        "android_client_info": {
          "package_name": "com.example.cfairy"
        }
      },
      "oauth_client": [
        {
          "client_id": "726006548669-pmsa404fb5ag94heud7ljggqs3v4fsli.apps.googleusercontent.com",
          "client_type": 3
        }
      ],
      "api_key": [
        {
          "current_key": "AIzaSyAcBzcPlUKmmDeKKvC3fM3zgH15Zdp20dQ"
        }
      ],
      "services": {
        "appinvite_service": {
          "other_platform_oauth_client": [
            {
              "client_id": "726006548669-pmsa404fb5ag94heud7ljggqs3v4fsli.apps.googleusercontent.com",
              "client_type": 3
            }
          ]
        }
      }
    },
    {
      "client_info": {
        "mobilesdk_app_id": "1:726006548669:android:3406242ad5e23a6a4bcfd4",
        "android_client_info": {
          "package_name": "com.example.cfbtest"
        }
      },
      "oauth_client": [
        {
          "client_id": "726006548669-pmsa404fb5ag94heud7ljggqs3v4fsli.apps.googleusercontent.com",
          "client_type": 3
        }
      ],
      "api_key": [
        {
          "current_key": "AIzaSyAcBzcPlUKmmDeKKvC3fM3zgH15Zdp20dQ"
        }
      ],
      "services": {
        "appinvite_service": {
          "other_platform_oauth_client": [
            {
              "client_id": "726006548669-pmsa404fb5ag94heud7ljggqs3v4fsli.apps.googleusercontent.com",
              "client_type": 3
            }
          ]
        }
      }
    }
  ],
  "configuration_version": "1"
}